,Accuracy,Precision,Recall,F1-Score,Average
Naive Bayes,0.9133333333333333,0.8813559322033898,0.896551724137931,0.8888888888888888,0.8950324696408858
KNN,0.9333333333333333,0.8870967741935484,0.9482758620689655,0.9166666666666666,0.9213431590656284
