k,accuracy,precision,recall,f1_score
3,0.9066666666666666,0.8666666666666667,0.896551724137931,0.8813559322033898
5,0.9133333333333333,0.8688524590163934,0.9137931034482759,0.8907563025210085
7,0.9333333333333333,0.8870967741935484,0.9482758620689655,0.9166666666666666
